<?xml version="1.0" encoding="UTF-8" standalone="no"?>
<registration_data version="1.0">
   <environment>
      <hostname>ATSMTS</hostname>
      <hostId/>
      <osName>Windows Server 2008 R2</osName>
      <osVersion>6.1</osVersion>
      <osArchitecture>amd64</osArchitecture>
      <systemModel>HVM domU</systemModel>
      <systemManufacturer>Xen</systemManufacturer>
      <cpuManufacturer>GenuineIntel</cpuManufacturer>
      <serialNumber>73035d70-d81e-2b45-da1b-274abe05f206</serialNumber>
   </environment>
   <registry urn="urn:st:72ce241b-e250-4d08-ac97-a30ea1295a75" version="1.0">
      <service_tag>
         <instance_urn>urn:st:ed723789-822f-4b63-8973-4aa96c925c8a</instance_urn>
         <product_name>Java SE 6 Runtime Environment</product_name>
         <product_version>1.6.0_37</product_version>
         <product_urn>urn:uuid:92d1de8c-1e59-42c6-a280-1c379526bcbc</product_urn>
         <product_parent_urn>urn:uuid:fdc90b21-018d-4cab-b866-612c7c119ed3</product_parent_urn>
         <product_parent>Java Platform Standard Edition 6 (Java SE 6)</product_parent>
         <product_defined_inst_id>id=1.6.0_37-b06 amd64,dir=C:\Program Files\Java\jre6</product_defined_inst_id>
         <product_vendor>Sun Microsystems</product_vendor>
         <platform_arch>amd64</platform_arch>
         <timestamp>2012-10-26 22:44:41 GMT</timestamp>
         <container>global</container>
         <source>Windows JRE installer</source>
         <installer_uid>-1</installer_uid>
      </service_tag>
   </registry>
</registration_data>
